Index,wgs_id,run_accession,study_country_concat,simulation_study
1,ERR1,ERR1,Study1,0
2,ERR2,ERR2,Study1,0
3,ERR3,ERR3,Study1,0
4,ERR4,ERR4,Study1,0
5,ERR5,ERR5,Study1,0
6,ERR6,ERR6,Study1,0
7,ERR7,ERR7,Study1,0
8,ERR8,ERR8,Study1,0
9,ERR9,ERR9,Study1,0
10,ERR10,ERR10,Study1,0
11,ERR11,ERR11,Study1,0
12,ERR12,ERR12,Study1,0
13,ERR13,ERR13,Study1,0
14,ERR14,ERR14,Study1,0
15,ERR15,ERR15,Study1,0
16,ERR16,ERR16,Study1,0
17,ERR17,ERR17,Study1,0
18,ERR18,ERR18,Study1,0
19,ERR19,ERR19,Study1,0
20,ERR20,ERR20,Study1,0
21,ERR21,ERR21,Study1,0
22,ERR22,ERR22,Study1,0
23,ERR23,ERR23,Study1,0
24,ERR24,ERR24,Study1,0
25,ERR25,ERR25,Study1,0
26,ERR26,ERR26,Study1,0
27,ERR27,ERR27,Study1,0
28,ERR28,ERR28,Study1,0
29,ERR29,ERR29,Study1,1
30,ERR30,ERR30,Study1,0
31,ERR31,ERR31,Study1,0
32,ERR32,ERR32,Study1,0
33,ERR33,ERR33,Study1,1
34,ERR34,ERR34,Study1,0
35,ERR35,ERR35,Study1,0
36,ERR36,ERR36,Study1,0
37,ERR37,ERR37,Study1,0
38,ERR38,ERR38,Study1,0
39,ERR39,ERR39,Study1,0
40,ERR40,ERR40,Study1,0
41,ERR41,ERR41,Study1,0
42,ERR42,ERR42,Study1,0
43,ERR43,ERR43,Study1,0
44,ERR44,ERR44,Study1,0
45,ERR45,ERR45,Study1,0
46,ERR46,ERR46,Study1,0
47,ERR47,ERR47,Study1,0
48,ERR48,ERR48,Study1,1
49,ERR49,ERR49,Study1,0
50,ERR50,ERR50,Study1,0
51,ERR51,ERR51,Study1,0
52,ERR52,ERR52,Study1,0
53,ERR53,ERR53,Study1,0
54,ERR54,ERR54,Study1,0
55,ERR55,ERR55,Study1,1
56,ERR56,ERR56,Study1,0
57,ERR57,ERR57,Study1,0
58,ERR58,ERR58,Study1,0
59,ERR59,ERR59,Study1,0
60,ERR60,ERR60,Study1,0
61,ERR61,ERR61,Study1,0
62,ERR62,ERR62,Study1,0
63,ERR63,ERR63,Study1,0
64,ERR64,ERR64,Study1,0
65,ERR65,ERR65,Study1,0
66,ERR66,ERR66,Study1,0
67,ERR67,ERR67,Study1,0
68,ERR68,ERR68,Study1,0
69,ERR69,ERR69,Study1,0
70,ERR70,ERR70,Study1,0
71,ERR71,ERR71,Study1,0
72,ERR72,ERR72,Study1,0
73,ERR73,ERR73,Study1,0
74,ERR74,ERR74,Study1,0
75,ERR75,ERR75,Study1,0
76,ERR76,ERR76,Study1,0
77,ERR77,ERR77,Study1,0
78,ERR78,ERR78,Study1,0
79,ERR79,ERR79,Study1,0
80,ERR80,ERR80,Study1,0
81,ERR81,ERR81,Study1,0
82,ERR82,ERR82,Study1,0
83,ERR83,ERR83,Study1,0
84,ERR84,ERR84,Study1,0
85,ERR85,ERR85,Study1,0
86,ERR86,ERR86,Study1,0
87,ERR87,ERR87,Study1,0
88,ERR88,ERR88,Study1,0
89,ERR89,ERR89,Study1,0
90,ERR90,ERR90,Study1,0
91,ERR91,ERR91,Study1,0
92,ERR92,ERR92,Study1,0
93,ERR93,ERR93,Study1,0
94,ERR94,ERR94,Study1,0
95,ERR95,ERR95,Study1,0
96,ERR96,ERR96,Study1,0
97,ERR97,ERR97,Study1,0
98,ERR98,ERR98,Study1,0
99,ERR99,ERR99,Study1,0
100,ERR100,ERR100,Study1,0
101,ERR101,ERR101,Study1,0
102,ERR102,ERR102,Study1,0
103,ERR103,ERR103,Study1,0
104,ERR104,ERR104,Study1,0
105,ERR105,ERR105,Study1,0
106,ERR106,ERR106,Study1,0
107,ERR107,ERR107,Study1,0
108,ERR108,ERR108,Study1,0
109,ERR109,ERR109,Study1,0
110,ERR110,ERR110,Study1,0
111,ERR111,ERR111,Study1,0
112,ERR112,ERR112,Study1,0
113,ERR113,ERR113,Study1,0
114,ERR114,ERR114,Study1,0
115,ERR115,ERR115,Study1,0
116,ERR116,ERR116,Study1,0
117,ERR117,ERR117,Study1,0
118,ERR118,ERR118,Study1,0
119,ERR119,ERR119,Study1,0
120,ERR120,ERR120,Study1,0
121,ERR121,ERR121,Study1,0
122,ERR122,ERR122,Study1,0
123,ERR123,ERR123,Study1,0
124,ERR124,ERR124,Study1,0
125,ERR125,ERR125,Study1,0
126,ERR126,ERR126,Study1,0
127,ERR127,ERR127,Study1,0
128,ERR128,ERR128,Study1,0
129,ERR129,ERR129,Study1,0
130,ERR130,ERR130,Study1,0
131,ERR131,ERR131,Study1,0
132,ERR132,ERR132,Study1,0
133,ERR133,ERR133,Study1,0
134,ERR134,ERR134,Study1,0
135,ERR135,ERR135,Study1,0
136,ERR136,ERR136,Study1,0
137,ERR137,ERR137,Study1,0
138,ERR138,ERR138,Study1,0
139,ERR139,ERR139,Study1,0
140,ERR140,ERR140,Study1,0
141,ERR141,ERR141,Study1,0
142,ERR142,ERR142,Study1,0
143,ERR143,ERR143,Study1,0
144,ERR144,ERR144,Study1,0
145,ERR145,ERR145,Study1,0
146,ERR146,ERR146,Study1,0
147,ERR147,ERR147,Study1,0
148,ERR148,ERR148,Study1,1
149,ERR149,ERR149,Study1,0
150,ERR150,ERR150,Study1,0
151,ERR151,ERR151,Study1,0
152,ERR152,ERR152,Study1,0
153,ERR153,ERR153,Study1,0
154,ERR154,ERR154,Study1,0
155,ERR155,ERR155,Study1,0
156,ERR156,ERR156,Study1,0
157,ERR157,ERR157,Study1,0
158,ERR158,ERR158,Study1,0
159,ERR159,ERR159,Study1,0
160,ERR160,ERR160,Study1,0
161,ERR161,ERR161,Study1,0
162,ERR162,ERR162,Study1,0
163,ERR163,ERR163,Study1,0
164,ERR164,ERR164,Study1,0
165,ERR165,ERR165,Study1,0
166,ERR166,ERR166,Study1,0
167,ERR167,ERR167,Study1,0
168,ERR168,ERR168,Study1,0
169,ERR169,ERR169,Study1,0
170,ERR170,ERR170,Study1,0
171,ERR171,ERR171,Study1,0
172,ERR172,ERR172,Study1,0
173,ERR173,ERR173,Study1,0
174,ERR174,ERR174,Study1,0
175,ERR175,ERR175,Study1,0
176,ERR176,ERR176,Study1,0
177,ERR177,ERR177,Study1,0
178,ERR178,ERR178,Study1,0
179,ERR179,ERR179,Study1,0
180,ERR180,ERR180,Study1,0
181,ERR181,ERR181,Study1,0
182,ERR182,ERR182,Study1,0
183,ERR183,ERR183,Study1,0
184,ERR184,ERR184,Study1,0
185,ERR185,ERR185,Study1,0
186,ERR186,ERR186,Study1,0
187,ERR187,ERR187,Study1,0
188,ERR188,ERR188,Study1,0
189,ERR189,ERR189,Study1,0
190,ERR190,ERR190,Study1,0
191,ERR191,ERR191,Study1,0
192,ERR192,ERR192,Study1,0
193,ERR193,ERR193,Study1,0
194,ERR194,ERR194,Study1,0
195,ERR195,ERR195,Study1,0
196,ERR196,ERR196,Study1,0
197,ERR197,ERR197,Study1,0
198,ERR198,ERR198,Study1,1
199,ERR199,ERR199,Study1,0
200,ERR200,ERR200,Study1,0
201,ERR201,ERR201,Study1,0
202,ERR202,ERR202,Study1,0
203,ERR203,ERR203,Study1,0
204,ERR204,ERR204,Study1,1
205,ERR205,ERR205,Study1,0
206,ERR206,ERR206,Study1,1
207,ERR207,ERR207,Study1,0
208,ERR208,ERR208,Study1,0
209,ERR209,ERR209,Study1,0
210,ERR210,ERR210,Study1,0
211,ERR211,ERR211,Study1,0
212,ERR212,ERR212,Study1,0
213,ERR213,ERR213,Study1,0
214,ERR214,ERR214,Study1,0
215,ERR215,ERR215,Study1,0
216,ERR216,ERR216,Study1,0
217,ERR217,ERR217,Study1,0
218,ERR218,ERR218,Study1,0
219,ERR219,ERR219,Study1,0
220,ERR220,ERR220,Study1,0
221,ERR221,ERR221,Study1,0
222,ERR222,ERR222,Study1,0
223,ERR223,ERR223,Study1,0
224,ERR224,ERR224,Study1,0
225,ERR225,ERR225,Study1,0
226,ERR226,ERR226,Study1,0
227,ERR227,ERR227,Study1,0
228,ERR228,ERR228,Study1,0
229,ERR229,ERR229,Study1,0
230,ERR230,ERR230,Study1,0
231,ERR231,ERR231,Study1,0
232,ERR232,ERR232,Study1,0
233,ERR233,ERR233,Study1,0
234,ERR234,ERR234,Study1,0
235,ERR235,ERR235,Study1,0
236,ERR236,ERR236,Study1,0
237,ERR237,ERR237,Study1,0
238,ERR238,ERR238,Study1,0
239,ERR239,ERR239,Study1,0
240,ERR240,ERR240,Study1,0
241,ERR241,ERR241,Study1,0
242,ERR242,ERR242,Study1,0
243,ERR243,ERR243,Study1,0
244,ERR244,ERR244,Study1,0
245,ERR245,ERR245,Study1,0
246,ERR246,ERR246,Study1,1
247,ERR247,ERR247,Study1,0
248,ERR248,ERR248,Study1,0
249,ERR249,ERR249,Study1,1
250,ERR250,ERR250,Study1,0
251,ERR251,ERR251,Study2,0
252,ERR252,ERR252,Study2,0
253,ERR253,ERR253,Study2,0
254,ERR254,ERR254,Study2,0
255,ERR255,ERR255,Study2,1
256,ERR256,ERR256,Study2,0
257,ERR257,ERR257,Study2,0
258,ERR258,ERR258,Study2,0
259,ERR259,ERR259,Study2,0
260,ERR260,ERR260,Study2,0
261,ERR261,ERR261,Study2,0
262,ERR262,ERR262,Study2,0
263,ERR263,ERR263,Study2,0
264,ERR264,ERR264,Study2,0
265,ERR265,ERR265,Study2,1
266,ERR266,ERR266,Study2,1
267,ERR267,ERR267,Study2,0
268,ERR268,ERR268,Study2,0
269,ERR269,ERR269,Study2,0
270,ERR270,ERR270,Study2,0
271,ERR271,ERR271,Study2,0
272,ERR272,ERR272,Study2,0
273,ERR273,ERR273,Study2,0
274,ERR274,ERR274,Study2,0
275,ERR275,ERR275,Study2,0
276,ERR276,ERR276,Study2,0
277,ERR277,ERR277,Study2,0
278,ERR278,ERR278,Study2,0
279,ERR279,ERR279,Study2,1
280,ERR280,ERR280,Study2,0
281,ERR281,ERR281,Study2,0
282,ERR282,ERR282,Study2,0
283,ERR283,ERR283,Study2,0
284,ERR284,ERR284,Study2,
285,ERR285,ERR285,Study2,0
286,ERR286,ERR286,Study2,0
287,ERR287,ERR287,Study2,0
288,ERR288,ERR288,Study2,0
289,ERR289,ERR289,Study2,0
290,ERR290,ERR290,Study2,0
291,ERR291,ERR291,Study2,0
292,ERR292,ERR292,Study2,0
293,ERR293,ERR293,Study2,0
294,ERR294,ERR294,Study2,0
295,ERR295,ERR295,Study2,1
296,ERR296,ERR296,Study2,0
297,ERR297,ERR297,Study2,0
298,ERR298,ERR298,Study2,0
299,ERR299,ERR299,Study2,0
300,ERR300,ERR300,Study2,0
301,ERR301,ERR301,Study2,0
302,ERR302,ERR302,Study2,0
303,ERR303,ERR303,Study2,0
304,ERR304,ERR304,Study2,0
305,ERR305,ERR305,Study2,0
306,ERR306,ERR306,Study2,0
307,ERR307,ERR307,Study2,0
308,ERR308,ERR308,Study2,0
309,ERR309,ERR309,Study2,0
310,ERR310,ERR310,Study2,0
311,ERR311,ERR311,Study2,0
312,ERR312,ERR312,Study2,0
313,ERR313,ERR313,Study2,0
314,ERR314,ERR314,Study2,0
315,ERR315,ERR315,Study2,0
316,ERR316,ERR316,Study2,0
317,ERR317,ERR317,Study2,0
318,ERR318,ERR318,Study2,0
319,ERR319,ERR319,Study2,0
320,ERR320,ERR320,Study2,0
321,ERR321,ERR321,Study2,0
322,ERR322,ERR322,Study2,0
323,ERR323,ERR323,Study2,1
324,ERR324,ERR324,Study2,0
325,ERR325,ERR325,Study2,0
326,ERR326,ERR326,Study2,0
327,ERR327,ERR327,Study2,0
328,ERR328,ERR328,Study2,0
329,ERR329,ERR329,Study2,1
330,ERR330,ERR330,Study2,0
331,ERR331,ERR331,Study2,0
332,ERR332,ERR332,Study2,0
333,ERR333,ERR333,Study2,0
334,ERR334,ERR334,Study2,0
335,ERR335,ERR335,Study2,0
336,ERR336,ERR336,Study2,0
337,ERR337,ERR337,Study2,0
338,ERR338,ERR338,Study2,0
339,ERR339,ERR339,Study2,0
340,ERR340,ERR340,Study2,0
341,ERR341,ERR341,Study2,0
342,ERR342,ERR342,Study2,0
343,ERR343,ERR343,Study2,0
344,ERR344,ERR344,Study2,0
345,ERR345,ERR345,Study2,0
346,ERR346,ERR346,Study2,0
347,ERR347,ERR347,Study2,0
348,ERR348,ERR348,Study2,0
349,ERR349,ERR349,Study2,0
350,ERR350,ERR350,Study2,0
351,ERR351,ERR351,Study2,0
352,ERR352,ERR352,Study2,0
353,ERR353,ERR353,Study2,0
354,ERR354,ERR354,Study2,0
355,ERR355,ERR355,Study2,0
356,ERR356,ERR356,Study2,0
357,ERR357,ERR357,Study2,0
358,ERR358,ERR358,Study2,0
359,ERR359,ERR359,Study2,0
360,ERR360,ERR360,Study2,1
361,ERR361,ERR361,Study2,0
362,ERR362,ERR362,Study2,0
363,ERR363,ERR363,Study2,0
364,ERR364,ERR364,Study2,0
365,ERR365,ERR365,Study2,0
366,ERR366,ERR366,Study2,0
367,ERR367,ERR367,Study2,0
368,ERR368,ERR368,Study2,0
369,ERR369,ERR369,Study2,0
370,ERR370,ERR370,Study2,0
371,ERR371,ERR371,Study2,0
372,ERR372,ERR372,Study2,0
373,ERR373,ERR373,Study2,0
374,ERR374,ERR374,Study2,0
375,ERR375,ERR375,Study2,0
376,ERR376,ERR376,Study2,0
377,ERR377,ERR377,Study2,0
378,ERR378,ERR378,Study2,0
379,ERR379,ERR379,Study2,0
380,ERR380,ERR380,Study2,0
381,ERR381,ERR381,Study2,0
382,ERR382,ERR382,Study2,0
383,ERR383,ERR383,Study2,1
384,ERR384,ERR384,Study2,0
385,ERR385,ERR385,Study2,0
386,ERR386,ERR386,Study2,0
387,ERR387,ERR387,Study2,0
388,ERR388,ERR388,Study2,0
389,ERR389,ERR389,Study2,0
390,ERR390,ERR390,Study2,0
391,ERR391,ERR391,Study2,0
392,ERR392,ERR392,Study2,1
393,ERR393,ERR393,Study2,0
394,ERR394,ERR394,Study2,0
395,ERR395,ERR395,Study2,0
396,ERR396,ERR396,Study2,0
397,ERR397,ERR397,Study2,0
398,ERR398,ERR398,Study2,1
399,ERR399,ERR399,Study2,0
400,ERR400,ERR400,Study2,0
401,ERR401,ERR401,Study2,0
402,ERR402,ERR402,Study2,0
403,ERR403,ERR403,Study2,0
404,ERR404,ERR404,Study2,0
405,ERR405,ERR405,Study2,0
406,ERR406,ERR406,Study2,0
407,ERR407,ERR407,Study2,0
408,ERR408,ERR408,Study2,0
409,ERR409,ERR409,Study2,0
410,ERR410,ERR410,Study2,0
411,ERR411,ERR411,Study2,1
412,ERR412,ERR412,Study2,0
413,ERR413,ERR413,Study2,0
414,ERR414,ERR414,Study2,0
415,ERR415,ERR415,Study2,0
416,ERR416,ERR416,Study2,0
417,ERR417,ERR417,Study2,0
418,ERR418,ERR418,Study2,0
419,ERR419,ERR419,Study2,0
420,ERR420,ERR420,Study2,0
421,ERR421,ERR421,Study2,1
422,ERR422,ERR422,Study2,0
423,ERR423,ERR423,Study2,0
424,ERR424,ERR424,Study2,1
425,ERR425,ERR425,Study2,0
426,ERR426,ERR426,Study2,0
427,ERR427,ERR427,Study2,0
428,ERR428,ERR428,Study2,0
429,ERR429,ERR429,Study2,0
430,ERR430,ERR430,Study2,0
431,ERR431,ERR431,Study2,0
432,ERR432,ERR432,Study2,0
433,ERR433,ERR433,Study2,0
434,ERR434,ERR434,Study2,0
435,ERR435,ERR435,Study2,0
436,ERR436,ERR436,Study2,0
437,ERR437,ERR437,Study2,0
438,ERR438,ERR438,Study2,0
439,ERR439,ERR439,Study2,0
440,ERR440,ERR440,Study2,0
441,ERR441,ERR441,Study2,0
442,ERR442,ERR442,Study2,0
443,ERR443,ERR443,Study2,0
444,ERR444,ERR444,Study2,1
445,ERR445,ERR445,Study2,0
446,ERR446,ERR446,Study2,0
447,ERR447,ERR447,Study2,0
448,ERR448,ERR448,Study2,0
449,ERR449,ERR449,Study2,0
450,ERR450,ERR450,Study2,0
451,ERR451,ERR451,Study2,0
452,ERR452,ERR452,Study2,0
453,ERR453,ERR453,Study2,0
454,ERR454,ERR454,Study2,0
455,ERR455,ERR455,Study2,0
456,ERR456,ERR456,Study2,0
457,ERR457,ERR457,Study2,0
458,ERR458,ERR458,Study2,0
459,ERR459,ERR459,Study2,0
460,ERR460,ERR460,Study2,0
461,ERR461,ERR461,Study2,0
462,ERR462,ERR462,Study2,0
463,ERR463,ERR463,Study2,0
464,ERR464,ERR464,Study2,0
465,ERR465,ERR465,Study2,0
466,ERR466,ERR466,Study2,0
467,ERR467,ERR467,Study2,0
468,ERR468,ERR468,Study2,0
469,ERR469,ERR469,Study2,0
470,ERR470,ERR470,Study2,0
471,ERR471,ERR471,Study2,0
472,ERR472,ERR472,Study2,0
473,ERR473,ERR473,Study2,0
474,ERR474,ERR474,Study2,0
475,ERR475,ERR475,Study2,0
476,ERR476,ERR476,Study2,0
477,ERR477,ERR477,Study2,0
478,ERR478,ERR478,Study2,0
479,ERR479,ERR479,Study2,0
480,ERR480,ERR480,Study2,0
481,ERR481,ERR481,Study2,0
482,ERR482,ERR482,Study2,0
483,ERR483,ERR483,Study2,0
484,ERR484,ERR484,Study2,0
485,ERR485,ERR485,Study2,0
486,ERR486,ERR486,Study2,0
487,ERR487,ERR487,Study2,0
488,ERR488,ERR488,Study2,0
489,ERR489,ERR489,Study2,0
490,ERR490,ERR490,Study2,0
491,ERR491,ERR491,Study2,0
492,ERR492,ERR492,Study2,0
493,ERR493,ERR493,Study2,0
494,ERR494,ERR494,Study2,0
495,ERR495,ERR495,Study2,0
496,ERR496,ERR496,Study2,0
497,ERR497,ERR497,Study2,0
498,ERR498,ERR498,Study2,0
499,ERR499,ERR499,Study2,0
500,ERR500,ERR500,Study2,0
501,ERR501,ERR501,Study2,0
502,ERR502,ERR502,Study2,0
503,ERR503,ERR503,Study2,0
504,ERR504,ERR504,Study2,0
505,ERR505,ERR505,Study2,0
506,ERR506,ERR506,Study2,0
507,ERR507,ERR507,Study2,0
508,ERR508,ERR508,Study2,0
509,ERR509,ERR509,Study2,0
510,ERR510,ERR510,Study2,1
511,ERR511,ERR511,Study2,0
512,ERR512,ERR512,Study2,0
513,ERR513,ERR513,Study2,0
514,ERR514,ERR514,Study2,0
515,ERR515,ERR515,Study2,0
516,ERR516,ERR516,Study2,0
517,ERR517,ERR517,Study2,0
518,ERR518,ERR518,Study2,0
519,ERR519,ERR519,Study2,0
520,ERR520,ERR520,Study2,0
521,ERR521,ERR521,Study2,0
522,ERR522,ERR522,Study2,1
523,ERR523,ERR523,Study2,0
524,ERR524,ERR524,Study2,0
525,ERR525,ERR525,Study2,0
526,ERR526,ERR526,Study2,0
527,ERR527,ERR527,Study2,0
528,ERR528,ERR528,Study2,0
529,ERR529,ERR529,Study2,0
530,ERR530,ERR530,Study2,0
531,ERR531,ERR531,Study2,0
532,ERR532,ERR532,Study2,0
533,ERR533,ERR533,Study2,0
534,ERR534,ERR534,Study2,0
535,ERR535,ERR535,Study2,0
536,ERR536,ERR536,Study2,0
537,ERR537,ERR537,Study2,0
538,ERR538,ERR538,Study2,0
539,ERR539,ERR539,Study2,0
540,ERR540,ERR540,Study2,0
541,ERR541,ERR541,Study2,0
542,ERR542,ERR542,Study2,0
543,ERR543,ERR543,Study2,0
544,ERR544,ERR544,Study2,1
545,ERR545,ERR545,Study2,0
546,ERR546,ERR546,Study2,0
547,ERR547,ERR547,Study2,0
548,ERR548,ERR548,Study2,0
549,ERR549,ERR549,Study2,0
550,ERR550,ERR550,Study2,0
551,ERR551,ERR551,Study2,0
552,ERR552,ERR552,Study2,1
553,ERR553,ERR553,Study2,0
554,ERR554,ERR554,Study2,0
555,ERR555,ERR555,Study2,0
556,ERR556,ERR556,Study2,0
557,ERR557,ERR557,Study2,0
558,ERR558,ERR558,Study2,0
559,ERR559,ERR559,Study2,0
560,ERR560,ERR560,Study2,0
561,ERR561,ERR561,Study2,1
562,ERR562,ERR562,Study2,0
563,ERR563,ERR563,Study2,0
564,ERR564,ERR564,Study2,1
565,ERR565,ERR565,Study2,0
566,ERR566,ERR566,Study2,1
567,ERR567,ERR567,Study2,0
568,ERR568,ERR568,Study2,1
569,ERR569,ERR569,Study2,0
570,ERR570,ERR570,Study2,0
571,ERR571,ERR571,Study2,0
572,ERR572,ERR572,Study2,0
573,ERR573,ERR573,Study2,0
574,ERR574,ERR574,Study2,0
575,ERR575,ERR575,Study2,0
576,ERR576,ERR576,Study2,0
577,ERR577,ERR577,Study2,1
578,ERR578,ERR578,Study2,1
579,ERR579,ERR579,Study2,0
580,ERR580,ERR580,Study2,0
581,ERR581,ERR581,Study2,1
582,ERR582,ERR582,Study2,0
583,ERR583,ERR583,Study2,0
584,ERR584,ERR584,Study2,0
585,ERR585,ERR585,Study2,1
586,ERR586,ERR586,Study2,0
587,ERR587,ERR587,Study2,0
588,ERR588,ERR588,Study2,0
589,ERR589,ERR589,Study2,0
590,ERR590,ERR590,Study2,0
591,ERR591,ERR591,Study2,0
592,ERR592,ERR592,Study2,0
593,ERR593,ERR593,Study2,1
594,ERR594,ERR594,Study2,0
595,ERR595,ERR595,Study2,0
596,ERR596,ERR596,Study2,0
597,ERR597,ERR597,Study3,0
598,ERR598,ERR598,Study3,0
599,ERR599,ERR599,Study3,1
600,ERR600,ERR600,Study3,0
601,ERR601,ERR601,Study3,1
602,ERR602,ERR602,Study3,1
603,ERR603,ERR603,Study3,1
604,ERR604,ERR604,Study3,1
605,ERR605,ERR605,Study3,0
606,ERR606,ERR606,Study3,0
607,ERR607,ERR607,Study3,0
608,ERR608,ERR608,Study3,0
609,ERR609,ERR609,Study3,1
610,ERR610,ERR610,Study3,1
611,ERR611,ERR611,Study3,0
612,ERR612,ERR612,Study3,0
613,ERR613,ERR613,Study3,0
614,ERR614,ERR614,Study3,0
615,ERR615,ERR615,Study3,0
616,ERR616,ERR616,Study3,0
617,ERR617,ERR617,Study3,0
618,ERR618,ERR618,Study3,0
619,ERR619,ERR619,Study3,0
620,ERR620,ERR620,Study3,0
621,ERR621,ERR621,Study3,0
622,ERR622,ERR622,Study3,0
623,ERR623,ERR623,Study3,0
624,ERR624,ERR624,Study3,0
625,ERR625,ERR625,Study3,0
626,ERR626,ERR626,Study3,0
627,ERR627,ERR627,Study3,0
628,ERR628,ERR628,Study3,0
629,ERR629,ERR629,Study3,0
630,ERR630,ERR630,Study3,
631,ERR631,ERR631,Study3,0
632,ERR632,ERR632,Study3,0
633,ERR633,ERR633,Study3,0
634,ERR634,ERR634,Study3,0
635,ERR635,ERR635,Study3,0
636,ERR636,ERR636,Study3,0
637,ERR637,ERR637,Study3,
638,ERR638,ERR638,Study3,0
639,ERR639,ERR639,Study3,0
640,ERR640,ERR640,Study3,
641,ERR641,ERR641,Study3,0
642,ERR642,ERR642,Study3,0
643,ERR643,ERR643,Study3,0
644,ERR644,ERR644,Study3,0
645,ERR645,ERR645,Study3,0
646,ERR646,ERR646,Study3,0
647,ERR647,ERR647,Study3,0
648,ERR648,ERR648,Study3,0
649,ERR649,ERR649,Study3,1
650,ERR650,ERR650,Study3,0
651,ERR651,ERR651,Study3,0
652,ERR652,ERR652,Study3,0
653,ERR653,ERR653,Study3,0
654,ERR654,ERR654,Study3,0
655,ERR655,ERR655,Study3,0
656,ERR656,ERR656,Study3,0
657,ERR657,ERR657,Study3,0
658,ERR658,ERR658,Study3,0
659,ERR659,ERR659,Study3,0
660,ERR660,ERR660,Study3,0
661,ERR661,ERR661,Study3,0
662,ERR662,ERR662,Study3,0
663,ERR663,ERR663,Study3,0
664,ERR664,ERR664,Study3,0
665,ERR665,ERR665,Study3,1
666,ERR666,ERR666,Study3,0
667,ERR667,ERR667,Study3,0
668,ERR668,ERR668,Study3,
669,ERR669,ERR669,Study3,1
670,ERR670,ERR670,Study3,0
671,ERR671,ERR671,Study3,0
672,ERR672,ERR672,Study3,0
673,ERR673,ERR673,Study3,0
674,ERR674,ERR674,Study3,
675,ERR675,ERR675,Study3,0
676,ERR676,ERR676,Study3,0
677,ERR677,ERR677,Study3,1
678,ERR678,ERR678,Study3,0
679,ERR679,ERR679,Study3,0
680,ERR680,ERR680,Study3,0
681,ERR681,ERR681,Study3,0
682,ERR682,ERR682,Study3,0
683,ERR683,ERR683,Study3,0
684,ERR684,ERR684,Study3,
685,ERR685,ERR685,Study3,0
686,ERR686,ERR686,Study3,0
687,ERR687,ERR687,Study3,0
688,ERR688,ERR688,Study3,0
689,ERR689,ERR689,Study3,0
690,ERR690,ERR690,Study3,
691,ERR691,ERR691,Study3,0
692,ERR692,ERR692,Study3,0
693,ERR693,ERR693,Study3,0
694,ERR694,ERR694,Study3,0
695,ERR695,ERR695,Study3,0
696,ERR696,ERR696,Study3,0
697,ERR697,ERR697,Study3,0
698,ERR698,ERR698,Study3,0
699,ERR699,ERR699,Study3,0
700,ERR700,ERR700,Study3,0
701,ERR701,ERR701,Study3,0
702,ERR702,ERR702,Study3,0
703,ERR703,ERR703,Study3,0
704,ERR704,ERR704,Study3,0
705,ERR705,ERR705,Study3,0
706,ERR706,ERR706,Study3,0
707,ERR707,ERR707,Study3,0
708,ERR708,ERR708,Study3,0
709,ERR709,ERR709,Study3,0
710,ERR710,ERR710,Study3,0
711,ERR711,ERR711,Study3,
712,ERR712,ERR712,Study3,0
713,ERR713,ERR713,Study3,0
714,ERR714,ERR714,Study3,0
715,ERR715,ERR715,Study3,
716,ERR716,ERR716,Study3,0
717,ERR717,ERR717,Study3,0
718,ERR718,ERR718,Study3,
719,ERR719,ERR719,Study3,0
720,ERR720,ERR720,Study3,
721,ERR721,ERR721,Study3,0
722,ERR722,ERR722,Study3,0
723,ERR723,ERR723,Study3,0
724,ERR724,ERR724,Study3,0
725,ERR725,ERR725,Study3,0
726,ERR726,ERR726,Study3,0
727,ERR727,ERR727,Study3,0
728,ERR728,ERR728,Study3,1
729,ERR729,ERR729,Study3,0
730,ERR730,ERR730,Study3,
731,ERR731,ERR731,Study3,0
732,ERR732,ERR732,Study3,0
733,ERR733,ERR733,Study3,0
734,ERR734,ERR734,Study3,0
735,ERR735,ERR735,Study3,0
736,ERR736,ERR736,Study3,0
737,ERR737,ERR737,Study3,0
738,ERR738,ERR738,Study3,0
739,ERR739,ERR739,Study3,0
740,ERR740,ERR740,Study3,0
741,ERR741,ERR741,Study3,0
742,ERR742,ERR742,Study3,0
743,ERR743,ERR743,Study3,0
744,ERR744,ERR744,Study3,0
745,ERR745,ERR745,Study3,
746,ERR746,ERR746,Study3,0
747,ERR747,ERR747,Study3,
748,ERR748,ERR748,Study3,0
749,ERR749,ERR749,Study3,0
750,ERR750,ERR750,Study3,0
751,ERR751,ERR751,Study3,0
752,ERR752,ERR752,Study3,1
753,ERR753,ERR753,Study3,
754,ERR754,ERR754,Study3,1
755,ERR755,ERR755,Study3,0
756,ERR756,ERR756,Study3,0
757,ERR757,ERR757,Study3,0
758,ERR758,ERR758,Study3,0
759,ERR759,ERR759,Study3,0
760,ERR760,ERR760,Study3,0
761,ERR761,ERR761,Study3,0
762,ERR762,ERR762,Study3,0
763,ERR763,ERR763,Study3,0
764,ERR764,ERR764,Study3,0
765,ERR765,ERR765,Study3,0
766,ERR766,ERR766,Study3,0
767,ERR767,ERR767,Study3,0
768,ERR768,ERR768,Study3,0
769,ERR769,ERR769,Study3,0
770,ERR770,ERR770,Study3,0
771,ERR771,ERR771,Study3,0
772,ERR772,ERR772,Study3,0
773,ERR773,ERR773,Study3,0
774,ERR774,ERR774,Study3,0
775,ERR775,ERR775,Study3,0
776,ERR776,ERR776,Study3,0
777,ERR777,ERR777,Study3,0
778,ERR778,ERR778,Study3,0
779,ERR779,ERR779,Study3,0
780,ERR780,ERR780,Study3,0
781,ERR781,ERR781,Study3,0
782,ERR782,ERR782,Study3,0
783,ERR783,ERR783,Study3,0
784,ERR784,ERR784,Study3,0
785,ERR785,ERR785,Study3,0
786,ERR786,ERR786,Study3,0
787,ERR787,ERR787,Study3,0
788,ERR788,ERR788,Study3,1
789,ERR789,ERR789,Study3,0
790,ERR790,ERR790,Study3,0
791,ERR791,ERR791,Study3,0
792,ERR792,ERR792,Study3,0
793,ERR793,ERR793,Study3,0
794,ERR794,ERR794,Study3,0
795,ERR795,ERR795,Study3,0
796,ERR796,ERR796,Study3,0
797,ERR797,ERR797,Study3,0
798,ERR798,ERR798,Study3,0
799,ERR799,ERR799,Study3,0
800,ERR800,ERR800,Study3,1
801,ERR801,ERR801,Study3,0
802,ERR802,ERR802,Study3,0
803,ERR803,ERR803,Study3,0
804,ERR804,ERR804,Study3,1
805,ERR805,ERR805,Study3,0
806,ERR806,ERR806,Study3,0
807,ERR807,ERR807,Study3,0
808,ERR808,ERR808,Study3,0
809,ERR809,ERR809,Study3,1
810,ERR810,ERR810,Study3,0
811,ERR811,ERR811,Study3,0
812,ERR812,ERR812,Study3,0
813,ERR813,ERR813,Study3,0
814,ERR814,ERR814,Study3,0
815,ERR815,ERR815,Study3,0
816,ERR816,ERR816,Study3,0
817,ERR817,ERR817,Study3,0
818,ERR818,ERR818,Study3,0
819,ERR819,ERR819,Study3,0
820,ERR820,ERR820,Study3,0
821,ERR821,ERR821,Study3,0
822,ERR822,ERR822,Study3,0
823,ERR823,ERR823,Study3,0
824,ERR824,ERR824,Study3,0
825,ERR825,ERR825,Study3,0
826,ERR826,ERR826,Study3,0
827,ERR827,ERR827,Study3,0
828,ERR828,ERR828,Study3,0
829,ERR829,ERR829,Study3,0
830,ERR830,ERR830,Study3,0
831,ERR831,ERR831,Study3,0
832,ERR832,ERR832,Study3,0
833,ERR833,ERR833,Study3,0
834,ERR834,ERR834,Study3,0
835,ERR835,ERR835,Study3,0
836,ERR836,ERR836,Study3,0
837,ERR837,ERR837,Study3,0
838,ERR838,ERR838,Study3,0
839,ERR839,ERR839,Study3,0
840,ERR840,ERR840,Study3,0
841,ERR841,ERR841,Study3,0
842,ERR842,ERR842,Study3,0
843,ERR843,ERR843,Study3,0
844,ERR844,ERR844,Study3,0
845,ERR845,ERR845,Study3,0
846,ERR846,ERR846,Study3,0
847,ERR847,ERR847,Study3,0
848,ERR848,ERR848,Study3,0
849,ERR849,ERR849,Study3,
850,ERR850,ERR850,Study3,0
851,ERR851,ERR851,Study3,0
852,ERR852,ERR852,Study3,0
853,ERR853,ERR853,Study3,0
854,ERR854,ERR854,Study3,0
855,ERR855,ERR855,Study3,0
856,ERR856,ERR856,Study3,0
857,ERR857,ERR857,Study3,0
858,ERR858,ERR858,Study3,0
859,ERR859,ERR859,Study3,0
860,ERR860,ERR860,Study3,1
861,ERR861,ERR861,Study3,0
862,ERR862,ERR862,Study3,0
863,ERR863,ERR863,Study3,0
864,ERR864,ERR864,Study3,0
865,ERR865,ERR865,Study3,0
866,ERR866,ERR866,Study3,0
867,ERR867,ERR867,Study3,0
868,ERR868,ERR868,Study3,0
869,ERR869,ERR869,Study3,1
870,ERR870,ERR870,Study3,0
871,ERR871,ERR871,Study3,0
872,ERR872,ERR872,Study3,0
873,ERR873,ERR873,Study3,0
874,ERR874,ERR874,Study3,0
875,ERR875,ERR875,Study3,0
876,ERR876,ERR876,Study3,0
877,ERR877,ERR877,Study3,0
878,ERR878,ERR878,Study3,0
879,ERR879,ERR879,Study3,0
880,ERR880,ERR880,Study3,0
881,ERR881,ERR881,Study3,0
882,ERR882,ERR882,Study3,0
883,ERR883,ERR883,Study3,0
884,ERR884,ERR884,Study3,1
885,ERR885,ERR885,Study3,0
886,ERR886,ERR886,Study3,0
887,ERR887,ERR887,Study3,0
888,ERR888,ERR888,Study3,0
889,ERR889,ERR889,Study3,1
890,ERR890,ERR890,Study3,0
891,ERR891,ERR891,Study3,0
892,ERR892,ERR892,Study3,0
893,ERR893,ERR893,Study3,0
894,ERR894,ERR894,Study3,0
895,ERR895,ERR895,Study3,0
896,ERR896,ERR896,Study3,
897,ERR897,ERR897,Study3,0
898,ERR898,ERR898,Study3,0
899,ERR899,ERR899,Study3,0
900,ERR900,ERR900,Study3,0
901,ERR901,ERR901,Study3,0
902,ERR902,ERR902,Study3,0
903,ERR903,ERR903,Study3,0
904,ERR904,ERR904,Study3,
905,ERR905,ERR905,Study3,0
906,ERR906,ERR906,Study3,0
907,ERR907,ERR907,Study3,0
908,ERR908,ERR908,Study3,0
909,ERR909,ERR909,Study3,0
910,ERR910,ERR910,Study3,0
911,ERR911,ERR911,Study3,0
912,ERR912,ERR912,Study3,0
913,ERR913,ERR913,Study3,1
914,ERR914,ERR914,Study3,0
915,ERR915,ERR915,Study3,0
916,ERR916,ERR916,Study3,0
917,ERR917,ERR917,Study3,0
918,ERR918,ERR918,Study3,0
919,ERR919,ERR919,Study3,0
920,ERR920,ERR920,Study3,0
921,ERR921,ERR921,Study3,0
922,ERR922,ERR922,Study3,0
923,ERR923,ERR923,Study3,0
924,ERR924,ERR924,Study3,0
925,ERR925,ERR925,Study3,0
926,ERR926,ERR926,Study3,0
927,ERR927,ERR927,Study3,0
928,ERR928,ERR928,Study3,0
929,ERR929,ERR929,Study3,0
930,ERR930,ERR930,Study3,0
931,ERR931,ERR931,Study3,0
932,ERR932,ERR932,Study3,0
933,ERR933,ERR933,Study3,0
934,ERR934,ERR934,Study3,0
935,ERR935,ERR935,Study3,0
936,ERR936,ERR936,Study3,0
937,ERR937,ERR937,Study3,0
938,ERR938,ERR938,Study3,0
939,ERR939,ERR939,Study3,0
940,ERR940,ERR940,Study3,0
941,ERR941,ERR941,Study3,0
942,ERR942,ERR942,Study3,0
943,ERR943,ERR943,Study3,0
944,ERR944,ERR944,Study3,0
945,ERR945,ERR945,Study3,0
946,ERR946,ERR946,Study3,0
947,ERR947,ERR947,Study3,0
948,ERR948,ERR948,Study3,0
949,ERR949,ERR949,Study3,0
950,ERR950,ERR950,Study3,0
951,ERR951,ERR951,Study3,0
952,ERR952,ERR952,Study3,0
953,ERR953,ERR953,Study3,0
954,ERR954,ERR954,Study3,0
955,ERR955,ERR955,Study3,0
956,ERR956,ERR956,Study3,0
957,ERR957,ERR957,Study3,0
958,ERR958,ERR958,Study3,0
959,ERR959,ERR959,Study3,0
960,ERR960,ERR960,Study3,0
961,ERR961,ERR961,Study3,0
962,ERR962,ERR962,Study3,0
963,ERR963,ERR963,Study3,0
964,ERR964,ERR964,Study3,0
965,ERR965,ERR965,Study3,0
966,ERR966,ERR966,Study3,0
967,ERR967,ERR967,Study3,1
968,ERR968,ERR968,Study3,0
969,ERR969,ERR969,Study3,0
970,ERR970,ERR970,Study3,0
971,ERR971,ERR971,Study3,0
972,ERR972,ERR972,Study3,0
973,ERR973,ERR973,Study3,0
974,ERR974,ERR974,Study3,0
975,ERR975,ERR975,Study3,0
976,ERR976,ERR976,Study3,0
977,ERR977,ERR977,Study3,0
978,ERR978,ERR978,Study3,0
979,ERR979,ERR979,Study3,0
980,ERR980,ERR980,Study3,0
981,ERR981,ERR981,Study3,0
982,ERR982,ERR982,Study3,0
983,ERR983,ERR983,Study3,0
984,ERR984,ERR984,Study3,0
985,ERR985,ERR985,Study3,0
986,ERR986,ERR986,Study3,0
987,ERR987,ERR987,Study3,0
988,ERR988,ERR988,Study3,0
989,ERR989,ERR989,Study3,0
990,ERR990,ERR990,Study3,0
991,ERR991,ERR991,Study3,0
992,ERR992,ERR992,Study3,0
993,ERR993,ERR993,Study3,0
994,ERR994,ERR994,Study3,0
995,ERR995,ERR995,Study3,1
996,ERR996,ERR996,Study3,0
997,ERR997,ERR997,Study3,1
998,ERR998,ERR998,Study3,1
999,ERR999,ERR999,Study4,0
1000,ERR1000,ERR1000,Study4,0
1001,ERR1001,ERR1001,Study4,0
1002,ERR1002,ERR1002,Study4,0
1003,ERR1003,ERR1003,Study4,0
1004,ERR1004,ERR1004,Study4,1
1005,ERR1005,ERR1005,Study4,1
1006,ERR1006,ERR1006,Study4,0
1007,ERR1007,ERR1007,Study4,0
1008,ERR1008,ERR1008,Study4,0
1009,ERR1009,ERR1009,Study4,0
1010,ERR1010,ERR1010,Study4,0
1011,ERR1011,ERR1011,Study4,0
1012,ERR1012,ERR1012,Study4,0
1013,ERR1013,ERR1013,Study4,0
1014,ERR1014,ERR1014,Study4,0
1015,ERR1015,ERR1015,Study4,0
1016,ERR1016,ERR1016,Study4,0
1017,ERR1017,ERR1017,Study4,0
1018,ERR1018,ERR1018,Study4,0
1019,ERR1019,ERR1019,Study4,0
1020,ERR1020,ERR1020,Study4,0
1021,ERR1021,ERR1021,Study4,0
1022,ERR1022,ERR1022,Study4,0
1023,ERR1023,ERR1023,Study4,0
1024,ERR1024,ERR1024,Study4,0
1025,ERR1025,ERR1025,Study4,0
1026,ERR1026,ERR1026,Study4,1
1027,ERR1027,ERR1027,Study4,0
1028,ERR1028,ERR1028,Study4,0
1029,ERR1029,ERR1029,Study4,0
1030,ERR1030,ERR1030,Study4,0
1031,ERR1031,ERR1031,Study4,0
1032,ERR1032,ERR1032,Study4,0
1033,ERR1033,ERR1033,Study4,0
1034,ERR1034,ERR1034,Study4,0
1035,ERR1035,ERR1035,Study4,0
1036,ERR1036,ERR1036,Study4,0
1037,ERR1037,ERR1037,Study4,0
1038,ERR1038,ERR1038,Study4,0
1039,ERR1039,ERR1039,Study4,0
1040,ERR1040,ERR1040,Study4,1
1041,ERR1041,ERR1041,Study4,0
1042,ERR1042,ERR1042,Study4,0
1043,ERR1043,ERR1043,Study4,0
1044,ERR1044,ERR1044,Study4,0
1045,ERR1045,ERR1045,Study4,0
1046,ERR1046,ERR1046,Study4,0
1047,ERR1047,ERR1047,Study4,0
1048,ERR1048,ERR1048,Study4,0
1049,ERR1049,ERR1049,Study4,0
1050,ERR1050,ERR1050,Study4,0
1051,ERR1051,ERR1051,Study4,0
1052,ERR1052,ERR1052,Study4,0
1053,ERR1053,ERR1053,Study4,0
1054,ERR1054,ERR1054,Study4,1
1055,ERR1055,ERR1055,Study4,0
1056,ERR1056,ERR1056,Study4,0
1057,ERR1057,ERR1057,Study4,0
1058,ERR1058,ERR1058,Study4,0
1059,ERR1059,ERR1059,Study4,0
1060,ERR1060,ERR1060,Study4,0
1061,ERR1061,ERR1061,Study4,0
1062,ERR1062,ERR1062,Study4,0
1063,ERR1063,ERR1063,Study4,0
1064,ERR1064,ERR1064,Study4,0
1065,ERR1065,ERR1065,Study4,0
1066,ERR1066,ERR1066,Study4,0
1067,ERR1067,ERR1067,Study4,0
1068,ERR1068,ERR1068,Study4,0
1069,ERR1069,ERR1069,Study4,0
1070,ERR1070,ERR1070,Study4,0
1071,ERR1071,ERR1071,Study4,0
1072,ERR1072,ERR1072,Study4,0
1073,ERR1073,ERR1073,Study4,0
1074,ERR1074,ERR1074,Study4,0
1075,ERR1075,ERR1075,Study4,0
1076,ERR1076,ERR1076,Study4,0
1077,ERR1077,ERR1077,Study4,0
1078,ERR1078,ERR1078,Study4,0
1079,ERR1079,ERR1079,Study4,0
1080,ERR1080,ERR1080,Study4,0
1081,ERR1081,ERR1081,Study4,0
1082,ERR1082,ERR1082,Study4,0
1083,ERR1083,ERR1083,Study4,0
1084,ERR1084,ERR1084,Study4,0
1085,ERR1085,ERR1085,Study4,0
1086,ERR1086,ERR1086,Study4,0
1087,ERR1087,ERR1087,Study4,0
1088,ERR1088,ERR1088,Study4,0
1089,ERR1089,ERR1089,Study4,0
1090,ERR1090,ERR1090,Study4,0
1091,ERR1091,ERR1091,Study4,0
1092,ERR1092,ERR1092,Study4,0
1093,ERR1093,ERR1093,Study4,0
1094,ERR1094,ERR1094,Study4,0
1095,ERR1095,ERR1095,Study4,0
1096,ERR1096,ERR1096,Study4,0
1097,ERR1097,ERR1097,Study4,0
1098,ERR1098,ERR1098,Study4,0
1099,ERR1099,ERR1099,Study4,1
1100,ERR1100,ERR1100,Study4,0
1101,ERR1101,ERR1101,Study4,1
1102,ERR1102,ERR1102,Study4,0
1103,ERR1103,ERR1103,Study4,0
1104,ERR1104,ERR1104,Study4,0
1105,ERR1105,ERR1105,Study4,0
1106,ERR1106,ERR1106,Study4,0
1107,ERR1107,ERR1107,Study4,0
1108,ERR1108,ERR1108,Study4,0
1109,ERR1109,ERR1109,Study4,1
1110,ERR1110,ERR1110,Study4,0
1111,ERR1111,ERR1111,Study4,0
1112,ERR1112,ERR1112,Study4,0
1113,ERR1113,ERR1113,Study4,1
1114,ERR1114,ERR1114,Study4,0
1115,ERR1115,ERR1115,Study4,0
1116,ERR1116,ERR1116,Study4,0
1117,ERR1117,ERR1117,Study4,0
1118,ERR1118,ERR1118,Study4,0
1119,ERR1119,ERR1119,Study4,0
1120,ERR1120,ERR1120,Study4,0
1121,ERR1121,ERR1121,Study4,0
1122,ERR1122,ERR1122,Study4,1
1123,ERR1123,ERR1123,Study4,0
1124,ERR1124,ERR1124,Study4,0
1125,ERR1125,ERR1125,Study4,0
1126,ERR1126,ERR1126,Study4,0
1127,ERR1127,ERR1127,Study4,0
1128,ERR1128,ERR1128,Study4,0
1129,ERR1129,ERR1129,Study4,0
1130,ERR1130,ERR1130,Study4,0
1131,ERR1131,ERR1131,Study4,0
1132,ERR1132,ERR1132,Study4,1
1133,ERR1133,ERR1133,Study4,0
1134,ERR1134,ERR1134,Study4,0
1135,ERR1135,ERR1135,Study4,0
1136,ERR1136,ERR1136,Study4,0
1137,ERR1137,ERR1137,Study4,0
1138,ERR1138,ERR1138,Study4,0
1139,ERR1139,ERR1139,Study4,0
1140,ERR1140,ERR1140,Study4,0
1141,ERR1141,ERR1141,Study4,0
1142,ERR1142,ERR1142,Study4,0
1143,ERR1143,ERR1143,Study4,0
1144,ERR1144,ERR1144,Study4,0
1145,ERR1145,ERR1145,Study4,0
1146,ERR1146,ERR1146,Study4,0
1147,ERR1147,ERR1147,Study4,0
1148,ERR1148,ERR1148,Study4,0
1149,ERR1149,ERR1149,Study4,0
1150,ERR1150,ERR1150,Study4,0
1151,ERR1151,ERR1151,Study4,1
1152,ERR1152,ERR1152,Study4,0
1153,ERR1153,ERR1153,Study4,0
1154,ERR1154,ERR1154,Study4,0
1155,ERR1155,ERR1155,Study4,0
1156,ERR1156,ERR1156,Study4,0
1157,ERR1157,ERR1157,Study4,0
1158,ERR1158,ERR1158,Study4,0
1159,ERR1159,ERR1159,Study4,0
1160,ERR1160,ERR1160,Study4,0
1161,ERR1161,ERR1161,Study4,1
1162,ERR1162,ERR1162,Study4,0
1163,ERR1163,ERR1163,Study4,0
1164,ERR1164,ERR1164,Study4,0
1165,ERR1165,ERR1165,Study4,0
1166,ERR1166,ERR1166,Study4,0
1167,ERR1167,ERR1167,Study4,0
1168,ERR1168,ERR1168,Study4,0
1169,ERR1169,ERR1169,Study4,0
1170,ERR1170,ERR1170,Study4,0
1171,ERR1171,ERR1171,Study4,0
1172,ERR1172,ERR1172,Study4,0
1173,ERR1173,ERR1173,Study4,0
1174,ERR1174,ERR1174,Study4,0
1175,ERR1175,ERR1175,Study4,0
1176,ERR1176,ERR1176,Study4,0
1177,ERR1177,ERR1177,Study4,0
1178,ERR1178,ERR1178,Study4,0
1179,ERR1179,ERR1179,Study4,0
1180,ERR1180,ERR1180,Study4,0
1181,ERR1181,ERR1181,Study4,1
1182,ERR1182,ERR1182,Study4,0
1183,ERR1183,ERR1183,Study4,0
1184,ERR1184,ERR1184,Study4,0
1185,ERR1185,ERR1185,Study4,0
1186,ERR1186,ERR1186,Study4,1
1187,ERR1187,ERR1187,Study4,0
1188,ERR1188,ERR1188,Study4,0
1189,ERR1189,ERR1189,Study4,0
1190,ERR1190,ERR1190,Study4,0
1191,ERR1191,ERR1191,Study4,0
1192,ERR1192,ERR1192,Study4,0
1193,ERR1193,ERR1193,Study4,0
1194,ERR1194,ERR1194,Study4,0
1195,ERR1195,ERR1195,Study4,0
1196,ERR1196,ERR1196,Study4,0
1197,ERR1197,ERR1197,Study4,0
1198,ERR1198,ERR1198,Study4,0
1199,ERR1199,ERR1199,Study4,0
1200,ERR1200,ERR1200,Study4,0
1201,ERR1201,ERR1201,Study4,0
1202,ERR1202,ERR1202,Study4,0
1203,ERR1203,ERR1203,Study4,0
1204,ERR1204,ERR1204,Study4,0
1205,ERR1205,ERR1205,Study4,0
1206,ERR1206,ERR1206,Study4,0
1207,ERR1207,ERR1207,Study4,1
1208,ERR1208,ERR1208,Study4,0
1209,ERR1209,ERR1209,Study4,0
1210,ERR1210,ERR1210,Study4,0
1211,ERR1211,ERR1211,Study4,0
1212,ERR1212,ERR1212,Study4,0
1213,ERR1213,ERR1213,Study4,0
1214,ERR1214,ERR1214,Study4,0
1215,ERR1215,ERR1215,Study4,0
1216,ERR1216,ERR1216,Study4,0
1217,ERR1217,ERR1217,Study4,0
1218,ERR1218,ERR1218,Study4,0
1219,ERR1219,ERR1219,Study4,0
1220,ERR1220,ERR1220,Study4,0
1221,ERR1221,ERR1221,Study4,0
1222,ERR1222,ERR1222,Study4,0
1223,ERR1223,ERR1223,Study4,0
1224,ERR1224,ERR1224,Study4,0
1225,ERR1225,ERR1225,Study4,0
1226,ERR1226,ERR1226,Study4,0
1227,ERR1227,ERR1227,Study4,0
1228,ERR1228,ERR1228,Study4,0
1229,ERR1229,ERR1229,Study4,0
1230,ERR1230,ERR1230,Study4,0
1231,ERR1231,ERR1231,Study4,0
1232,ERR1232,ERR1232,Study4,0
1233,ERR1233,ERR1233,Study4,0
1234,ERR1234,ERR1234,Study4,0
1235,ERR1235,ERR1235,Study4,0
1236,ERR1236,ERR1236,Study4,0
1237,ERR1237,ERR1237,Study4,0
1238,ERR1238,ERR1238,Study4,0
1239,ERR1239,ERR1239,Study4,0
1240,ERR1240,ERR1240,Study4,0
1241,ERR1241,ERR1241,Study4,0
1242,ERR1242,ERR1242,Study4,0
1243,ERR1243,ERR1243,Study4,0
1244,ERR1244,ERR1244,Study4,0
1245,ERR1245,ERR1245,Study4,0
1246,ERR1246,ERR1246,Study4,0
1247,ERR1247,ERR1247,Study4,0
1248,ERR1248,ERR1248,Study4,0
1249,ERR1249,ERR1249,Study4,0
1250,ERR1250,ERR1250,Study4,0
1251,ERR1251,ERR1251,Study4,0
1252,ERR1252,ERR1252,Study4,0
1253,ERR1253,ERR1253,Study4,0
1254,ERR1254,ERR1254,Study4,0
1255,ERR1255,ERR1255,Study4,0
1256,ERR1256,ERR1256,Study4,0
1257,ERR1257,ERR1257,Study4,0
1258,ERR1258,ERR1258,Study4,0
1259,ERR1259,ERR1259,Study4,0
1260,ERR1260,ERR1260,Study4,0
1261,ERR1261,ERR1261,Study4,0
1262,ERR1262,ERR1262,Study4,0
1263,ERR1263,ERR1263,Study4,1
1264,ERR1264,ERR1264,Study4,0
1265,ERR1265,ERR1265,Study4,0
1266,ERR1266,ERR1266,Study4,0
1267,ERR1267,ERR1267,Study4,0
1268,ERR1268,ERR1268,Study4,0
1269,ERR1269,ERR1269,Study4,0
1270,ERR1270,ERR1270,Study4,0
1271,ERR1271,ERR1271,Study4,0
1272,ERR1272,ERR1272,Study4,0
1273,ERR1273,ERR1273,Study4,0
1274,ERR1274,ERR1274,Study4,0
1275,ERR1275,ERR1275,Study4,0
1276,ERR1276,ERR1276,Study4,0
1277,ERR1277,ERR1277,Study4,0
1278,ERR1278,ERR1278,Study4,0
1279,ERR1279,ERR1279,Study4,0
1280,ERR1280,ERR1280,Study4,0
1281,ERR1281,ERR1281,Study4,0
1282,ERR1282,ERR1282,Study4,1
1283,ERR1283,ERR1283,Study4,0
1284,ERR1284,ERR1284,Study4,0
1285,ERR1285,ERR1285,Study4,0
1286,ERR1286,ERR1286,Study4,1
1287,ERR1287,ERR1287,Study4,0
1288,ERR1288,ERR1288,Study4,0
1289,ERR1289,ERR1289,Study4,0
1290,ERR1290,ERR1290,Study4,0
1291,ERR1291,ERR1291,Study4,0
1292,ERR1292,ERR1292,Study4,0
1293,ERR1293,ERR1293,Study4,0
1294,ERR1294,ERR1294,Study4,0
1295,ERR1295,ERR1295,Study4,0
1296,ERR1296,ERR1296,Study4,0
1297,ERR1297,ERR1297,Study4,0
1298,ERR1298,ERR1298,Study4,0
1299,ERR1299,ERR1299,Study4,0
1300,ERR1300,ERR1300,Study4,1
1301,ERR1301,ERR1301,Study4,0
1302,ERR1302,ERR1302,Study4,0
1303,ERR1303,ERR1303,Study4,0
1304,ERR1304,ERR1304,Study4,0
1305,ERR1305,ERR1305,Study4,0
1306,ERR1306,ERR1306,Study4,0
1307,ERR1307,ERR1307,Study4,0
1308,ERR1308,ERR1308,Study4,0
1309,ERR1309,ERR1309,Study4,0
1310,ERR1310,ERR1310,Study4,0
1311,ERR1311,ERR1311,Study4,
1312,ERR1312,ERR1312,Study4,0
1313,ERR1313,ERR1313,Study4,0
1314,ERR1314,ERR1314,Study4,0
1315,ERR1315,ERR1315,Study4,0
1316,ERR1316,ERR1316,Study4,0
1317,ERR1317,ERR1317,Study4,0
1318,ERR1318,ERR1318,Study4,0
1319,ERR1319,ERR1319,Study4,0
1320,ERR1320,ERR1320,Study4,0
1321,ERR1321,ERR1321,Study4,0
1322,ERR1322,ERR1322,Study4,0
1323,ERR1323,ERR1323,Study4,0
1324,ERR1324,ERR1324,Study4,
1325,ERR1325,ERR1325,Study4,0
1326,ERR1326,ERR1326,Study4,0
1327,ERR1327,ERR1327,Study4,0
1328,ERR1328,ERR1328,Study4,0
1329,ERR1329,ERR1329,Study4,0
1330,ERR1330,ERR1330,Study4,0
1331,ERR1331,ERR1331,Study4,1
1332,ERR1332,ERR1332,Study4,0
1333,ERR1333,ERR1333,Study4,0
1334,ERR1334,ERR1334,Study4,0
1335,ERR1335,ERR1335,Study4,0
1336,ERR1336,ERR1336,Study4,0
1337,ERR1337,ERR1337,Study4,0
1338,ERR1338,ERR1338,Study4,1
1339,ERR1339,ERR1339,Study4,0
1340,ERR1340,ERR1340,Study4,0
1341,ERR1341,ERR1341,Study4,0
1342,ERR1342,ERR1342,Study4,0
1343,ERR1343,ERR1343,Study4,0
1344,ERR1344,ERR1344,Study4,1
1345,ERR1345,ERR1345,Study4,0
1346,ERR1346,ERR1346,Study4,0
1347,ERR1347,ERR1347,Study4,0
1348,ERR1348,ERR1348,Study4,0
1349,ERR1349,ERR1349,Study4,1
1350,ERR1350,ERR1350,Study4,0
1351,ERR1351,ERR1351,Study4,0
1352,ERR1352,ERR1352,Study4,0
1353,ERR1353,ERR1353,Study4,0
1354,ERR1354,ERR1354,Study4,0
1355,ERR1355,ERR1355,Study4,0
1356,ERR1356,ERR1356,Study4,0
1357,ERR1357,ERR1357,Study4,0
1358,ERR1358,ERR1358,Study4,0
1359,ERR1359,ERR1359,Study4,0
1360,ERR1360,ERR1360,Study4,0
1361,ERR1361,ERR1361,Study4,0
1362,ERR1362,ERR1362,Study4,0
1363,ERR1363,ERR1363,Study4,0
1364,ERR1364,ERR1364,Study4,0
1365,ERR1365,ERR1365,Study4,0
1366,ERR1366,ERR1366,Study4,0
1367,ERR1367,ERR1367,Study4,0
1368,ERR1368,ERR1368,Study4,0
1369,ERR1369,ERR1369,Study4,0
1370,ERR1370,ERR1370,Study4,0
1371,ERR1371,ERR1371,Study4,0
1372,ERR1372,ERR1372,Study4,0
1373,ERR1373,ERR1373,Study4,0
1374,ERR1374,ERR1374,Study4,0
1375,ERR1375,ERR1375,Study4,0
1376,ERR1376,ERR1376,Study4,0
1377,ERR1377,ERR1377,Study4,0
1378,ERR1378,ERR1378,Study4,0
1379,ERR1379,ERR1379,Study5,0
1380,ERR1380,ERR1380,Study5,0
1381,ERR1381,ERR1381,Study5,0
1382,ERR1382,ERR1382,Study5,0
1383,ERR1383,ERR1383,Study5,
1384,ERR1384,ERR1384,Study5,0
1385,ERR1385,ERR1385,Study5,0
1386,ERR1386,ERR1386,Study5,0
1387,ERR1387,ERR1387,Study5,1
1388,ERR1388,ERR1388,Study5,0
1389,ERR1389,ERR1389,Study5,0
1390,ERR1390,ERR1390,Study5,0
1391,ERR1391,ERR1391,Study5,0
1392,ERR1392,ERR1392,Study5,0
1393,ERR1393,ERR1393,Study5,0
1394,ERR1394,ERR1394,Study5,0
1395,ERR1395,ERR1395,Study5,0
1396,ERR1396,ERR1396,Study5,0
1397,ERR1397,ERR1397,Study5,0
1398,ERR1398,ERR1398,Study5,1
1399,ERR1399,ERR1399,Study5,0
1400,ERR1400,ERR1400,Study5,0
1401,ERR1401,ERR1401,Study5,0
1402,ERR1402,ERR1402,Study5,0
1403,ERR1403,ERR1403,Study5,0
1404,ERR1404,ERR1404,Study5,
1405,ERR1405,ERR1405,Study5,1
1406,ERR1406,ERR1406,Study5,0
1407,ERR1407,ERR1407,Study5,1
1408,ERR1408,ERR1408,Study5,1
1409,ERR1409,ERR1409,Study5,1
1410,ERR1410,ERR1410,Study5,1
1411,ERR1411,ERR1411,Study5,1
1412,ERR1412,ERR1412,Study5,1
1413,ERR1413,ERR1413,Study5,1
1414,ERR1414,ERR1414,Study5,1
1415,ERR1415,ERR1415,Study5,0
1416,ERR1416,ERR1416,Study5,1
1417,ERR1417,ERR1417,Study5,0
1418,ERR1418,ERR1418,Study5,0
1419,ERR1419,ERR1419,Study5,
1420,ERR1420,ERR1420,Study5,0
1421,ERR1421,ERR1421,Study5,
1422,ERR1422,ERR1422,Study5,
1423,ERR1423,ERR1423,Study5,
1424,ERR1424,ERR1424,Study5,0
1425,ERR1425,ERR1425,Study5,
1426,ERR1426,ERR1426,Study5,
1427,ERR1427,ERR1427,Study5,
1428,ERR1428,ERR1428,Study5,
1429,ERR1429,ERR1429,Study5,
1430,ERR1430,ERR1430,Study5,
1431,ERR1431,ERR1431,Study5,
1432,ERR1432,ERR1432,Study5,
1433,ERR1433,ERR1433,Study5,1
1434,ERR1434,ERR1434,Study5,
1435,ERR1435,ERR1435,Study5,
1436,ERR1436,ERR1436,Study5,0
1437,ERR1437,ERR1437,Study5,
1438,ERR1438,ERR1438,Study5,
1439,ERR1439,ERR1439,Study5,
1440,ERR1440,ERR1440,Study5,
1441,ERR1441,ERR1441,Study5,
1442,ERR1442,ERR1442,Study5,
1443,ERR1443,ERR1443,Study5,
1444,ERR1444,ERR1444,Study5,
1445,ERR1445,ERR1445,Study5,
1446,ERR1446,ERR1446,Study5,
1447,ERR1447,ERR1447,Study5,0
1448,ERR1448,ERR1448,Study5,0
1449,ERR1449,ERR1449,Study5,0
1450,ERR1450,ERR1450,Study5,1
1451,ERR1451,ERR1451,Study5,0
1452,ERR1452,ERR1452,Study5,0
1453,ERR1453,ERR1453,Study5,0
1454,ERR1454,ERR1454,Study5,0
1455,ERR1455,ERR1455,Study5,0
1456,ERR1456,ERR1456,Study5,0
1457,ERR1457,ERR1457,Study5,0
1458,ERR1458,ERR1458,Study5,1
1459,ERR1459,ERR1459,Study5,0
1460,ERR1460,ERR1460,Study5,0
1461,ERR1461,ERR1461,Study5,0
1462,ERR1462,ERR1462,Study5,0
1463,ERR1463,ERR1463,Study5,0
1464,ERR1464,ERR1464,Study5,0
1465,ERR1465,ERR1465,Study5,0
1466,ERR1466,ERR1466,Study5,0
1467,ERR1467,ERR1467,Study5,0
1468,ERR1468,ERR1468,Study5,0
1469,ERR1469,ERR1469,Study5,0
1470,ERR1470,ERR1470,Study5,0
1471,ERR1471,ERR1471,Study5,1
1472,ERR1472,ERR1472,Study5,0
1473,ERR1473,ERR1473,Study5,0
1474,ERR1474,ERR1474,Study5,0
1475,ERR1475,ERR1475,Study5,0
1476,ERR1476,ERR1476,Study5,1
1477,ERR1477,ERR1477,Study5,0
1478,ERR1478,ERR1478,Study5,1
1479,ERR1479,ERR1479,Study5,
1480,ERR1480,ERR1480,Study5,
1481,ERR1481,ERR1481,Study5,
1482,ERR1482,ERR1482,Study5,
1483,ERR1483,ERR1483,Study5,
1484,ERR1484,ERR1484,Study5,
1485,ERR1485,ERR1485,Study5,
1486,ERR1486,ERR1486,Study5,
1487,ERR1487,ERR1487,Study5,
1488,ERR1488,ERR1488,Study5,
1489,ERR1489,ERR1489,Study5,
1490,ERR1490,ERR1490,Study5,
1491,ERR1491,ERR1491,Study5,
1492,ERR1492,ERR1492,Study5,
1493,ERR1493,ERR1493,Study5,
1494,ERR1494,ERR1494,Study5,
1495,ERR1495,ERR1495,Study5,
1496,ERR1496,ERR1496,Study5,
1497,ERR1497,ERR1497,Study5,
1498,ERR1498,ERR1498,Study5,
1499,ERR1499,ERR1499,Study5,
1500,ERR1500,ERR1500,Study5,
1501,ERR1501,ERR1501,Study5,
1502,ERR1502,ERR1502,Study5,
1503,ERR1503,ERR1503,Study5,
1504,ERR1504,ERR1504,Study5,
1505,ERR1505,ERR1505,Study5,
1506,ERR1506,ERR1506,Study5,
1507,ERR1507,ERR1507,Study5,
1508,ERR1508,ERR1508,Study5,
1509,ERR1509,ERR1509,Study5,
1510,ERR1510,ERR1510,Study5,
1511,ERR1511,ERR1511,Study5,
1512,ERR1512,ERR1512,Study5,
1513,ERR1513,ERR1513,Study5,
1514,ERR1514,ERR1514,Study5,
1515,ERR1515,ERR1515,Study5,
1516,ERR1516,ERR1516,Study5,
1517,ERR1517,ERR1517,Study5,
1518,ERR1518,ERR1518,Study5,
1519,ERR1519,ERR1519,Study5,
1520,ERR1520,ERR1520,Study5,
1521,ERR1521,ERR1521,Study5,
1522,ERR1522,ERR1522,Study5,
1523,ERR1523,ERR1523,Study5,
1524,ERR1524,ERR1524,Study5,
1525,ERR1525,ERR1525,Study5,
1526,ERR1526,ERR1526,Study5,
1527,ERR1527,ERR1527,Study5,
1528,ERR1528,ERR1528,Study5,
1529,ERR1529,ERR1529,Study5,
1530,ERR1530,ERR1530,Study5,
1531,ERR1531,ERR1531,Study5,
1532,ERR1532,ERR1532,Study5,
1533,ERR1533,ERR1533,Study5,
1534,ERR1534,ERR1534,Study5,
1535,ERR1535,ERR1535,Study5,
1536,ERR1536,ERR1536,Study5,
1537,ERR1537,ERR1537,Study5,
1538,ERR1538,ERR1538,Study5,
1539,ERR1539,ERR1539,Study5,
1540,ERR1540,ERR1540,Study5,
1541,ERR1541,ERR1541,Study5,
1542,ERR1542,ERR1542,Study5,
1543,ERR1543,ERR1543,Study5,
1544,ERR1544,ERR1544,Study5,
1545,ERR1545,ERR1545,Study5,
1546,ERR1546,ERR1546,Study5,
1547,ERR1547,ERR1547,Study5,
1548,ERR1548,ERR1548,Study5,
1549,ERR1549,ERR1549,Study5,
1550,ERR1550,ERR1550,Study5,
1551,ERR1551,ERR1551,Study5,
1552,ERR1552,ERR1552,Study5,
1553,ERR1553,ERR1553,Study5,
1554,ERR1554,ERR1554,Study5,
1555,ERR1555,ERR1555,Study5,
1556,ERR1556,ERR1556,Study5,
1557,ERR1557,ERR1557,Study5,
1558,ERR1558,ERR1558,Study5,
1559,ERR1559,ERR1559,Study5,
1560,ERR1560,ERR1560,Study5,
1561,ERR1561,ERR1561,Study5,
1562,ERR1562,ERR1562,Study5,
1563,ERR1563,ERR1563,Study5,
1564,ERR1564,ERR1564,Study5,
1565,ERR1565,ERR1565,Study5,
1566,ERR1566,ERR1566,Study5,
1567,ERR1567,ERR1567,Study5,
1568,ERR1568,ERR1568,Study5,
1569,ERR1569,ERR1569,Study5,
1570,ERR1570,ERR1570,Study5,
1571,ERR1571,ERR1571,Study5,
1572,ERR1572,ERR1572,Study5,
1573,ERR1573,ERR1573,Study5,
1574,ERR1574,ERR1574,Study5,
1575,ERR1575,ERR1575,Study5,
1576,ERR1576,ERR1576,Study5,
1577,ERR1577,ERR1577,Study5,
1578,ERR1578,ERR1578,Study5,
1579,ERR1579,ERR1579,Study5,
1580,ERR1580,ERR1580,Study5,
1581,ERR1581,ERR1581,Study5,
1582,ERR1582,ERR1582,Study5,
1583,ERR1583,ERR1583,Study5,
1584,ERR1584,ERR1584,Study5,
1585,ERR1585,ERR1585,Study5,
1586,ERR1586,ERR1586,Study5,
1587,ERR1587,ERR1587,Study5,
1588,ERR1588,ERR1588,Study5,
1589,ERR1589,ERR1589,Study5,
1590,ERR1590,ERR1590,Study5,
1591,ERR1591,ERR1591,Study5,
1592,ERR1592,ERR1592,Study5,
1593,ERR1593,ERR1593,Study5,
1594,ERR1594,ERR1594,Study5,
1595,ERR1595,ERR1595,Study5,
1596,ERR1596,ERR1596,Study5,
1597,ERR1597,ERR1597,Study5,
1598,ERR1598,ERR1598,Study5,
1599,ERR1599,ERR1599,Study5,
1600,ERR1600,ERR1600,Study5,
1601,ERR1601,ERR1601,Study5,
1602,ERR1602,ERR1602,Study5,
1603,ERR1603,ERR1603,Study5,
1604,ERR1604,ERR1604,Study5,
1605,ERR1605,ERR1605,Study5,
1606,ERR1606,ERR1606,Study5,
1607,ERR1607,ERR1607,Study5,
1608,ERR1608,ERR1608,Study5,
1609,ERR1609,ERR1609,Study5,
1610,ERR1610,ERR1610,Study5,
1611,ERR1611,ERR1611,Study5,
1612,ERR1612,ERR1612,Study5,
1613,ERR1613,ERR1613,Study5,
1614,ERR1614,ERR1614,Study5,
1615,ERR1615,ERR1615,Study5,
1616,ERR1616,ERR1616,Study5,
1617,ERR1617,ERR1617,Study5,
1618,ERR1618,ERR1618,Study5,
1619,ERR1619,ERR1619,Study5,
1620,ERR1620,ERR1620,Study5,
1621,ERR1621,ERR1621,Study5,
1622,ERR1622,ERR1622,Study5,
1623,ERR1623,ERR1623,Study5,
1624,ERR1624,ERR1624,Study5,
1625,ERR1625,ERR1625,Study5,
1626,ERR1626,ERR1626,Study5,
1627,ERR1627,ERR1627,Study5,
1628,ERR1628,ERR1628,Study5,
1629,ERR1629,ERR1629,Study5,
1630,ERR1630,ERR1630,Study5,
1631,ERR1631,ERR1631,Study5,
1632,ERR1632,ERR1632,Study5,
1633,ERR1633,ERR1633,Study5,
1634,ERR1634,ERR1634,Study5,
1635,ERR1635,ERR1635,Study5,
1636,ERR1636,ERR1636,Study5,
1637,ERR1637,ERR1637,Study5,
1638,ERR1638,ERR1638,Study5,
1639,ERR1639,ERR1639,Study5,
1640,ERR1640,ERR1640,Study5,
1641,ERR1641,ERR1641,Study5,
1642,ERR1642,ERR1642,Study5,
1643,ERR1643,ERR1643,Study5,
1644,ERR1644,ERR1644,Study5,
1645,ERR1645,ERR1645,Study5,
1646,ERR1646,ERR1646,Study5,
1647,ERR1647,ERR1647,Study5,
1648,ERR1648,ERR1648,Study5,
1649,ERR1649,ERR1649,Study5,
1650,ERR1650,ERR1650,Study5,
1651,ERR1651,ERR1651,Study5,
1652,ERR1652,ERR1652,Study5,
1653,ERR1653,ERR1653,Study5,
1654,ERR1654,ERR1654,Study5,
1655,ERR1655,ERR1655,Study5,
1656,ERR1656,ERR1656,Study5,
1657,ERR1657,ERR1657,Study5,
1658,ERR1658,ERR1658,Study5,
1659,ERR1659,ERR1659,Study5,
1660,ERR1660,ERR1660,Study5,
1661,ERR1661,ERR1661,Study5,
1662,ERR1662,ERR1662,Study5,
1663,ERR1663,ERR1663,Study5,
1664,ERR1664,ERR1664,Study5,
1665,ERR1665,ERR1665,Study5,
1666,ERR1666,ERR1666,Study5,
1667,ERR1667,ERR1667,Study5,
1668,ERR1668,ERR1668,Study5,
1669,ERR1669,ERR1669,Study5,
1670,ERR1670,ERR1670,Study5,
1671,ERR1671,ERR1671,Study5,
1672,ERR1672,ERR1672,Study5,
1673,ERR1673,ERR1673,Study5,
1674,ERR1674,ERR1674,Study5,
1675,ERR1675,ERR1675,Study5,
1676,ERR1676,ERR1676,Study5,
1677,ERR1677,ERR1677,Study5,
1678,ERR1678,ERR1678,Study5,
1679,ERR1679,ERR1679,Study5,
1680,ERR1680,ERR1680,Study5,
1681,ERR1681,ERR1681,Study5,
1682,ERR1682,ERR1682,Study5,
1683,ERR1683,ERR1683,Study5,
1684,ERR1684,ERR1684,Study5,
1685,ERR1685,ERR1685,Study5,
1686,ERR1686,ERR1686,Study5,
1687,ERR1687,ERR1687,Study5,
1688,ERR1688,ERR1688,Study5,
1689,ERR1689,ERR1689,Study5,
1690,ERR1690,ERR1690,Study5,
1691,ERR1691,ERR1691,Study5,
1692,ERR1692,ERR1692,Study5,
1693,ERR1693,ERR1693,Study5,
1694,ERR1694,ERR1694,Study5,
1695,ERR1695,ERR1695,Study5,
1696,ERR1696,ERR1696,Study5,
1697,ERR1697,ERR1697,Study5,
1698,ERR1698,ERR1698,Study5,
1699,ERR1699,ERR1699,Study5,
1700,ERR1700,ERR1700,Study5,
1701,ERR1701,ERR1701,Study5,
1702,ERR1702,ERR1702,Study5,
1703,ERR1703,ERR1703,Study5,
1704,ERR1704,ERR1704,Study5,
1705,ERR1705,ERR1705,Study5,
1706,ERR1706,ERR1706,Study5,
1707,ERR1707,ERR1707,Study5,
1708,ERR1708,ERR1708,Study5,
1709,ERR1709,ERR1709,Study5,
1710,ERR1710,ERR1710,Study5,
1711,ERR1711,ERR1711,Study5,
1712,ERR1712,ERR1712,Study5,
1713,ERR1713,ERR1713,Study5,
1714,ERR1714,ERR1714,Study5,
1715,ERR1715,ERR1715,Study5,
1716,ERR1716,ERR1716,Study5,
1717,ERR1717,ERR1717,Study5,
1718,ERR1718,ERR1718,Study5,
1719,ERR1719,ERR1719,Study5,
1720,ERR1720,ERR1720,Study5,
1721,ERR1721,ERR1721,Study5,
1722,ERR1722,ERR1722,Study5,
1723,ERR1723,ERR1723,Study5,
1724,ERR1724,ERR1724,Study5,
1725,ERR1725,ERR1725,Study5,
1726,ERR1726,ERR1726,Study5,
1727,ERR1727,ERR1727,Study5,
1728,ERR1728,ERR1728,Study5,
1729,ERR1729,ERR1729,Study5,
1730,ERR1730,ERR1730,Study5,
1731,ERR1731,ERR1731,Study5,
1732,ERR1732,ERR1732,Study5,
1733,ERR1733,ERR1733,Study5,
1734,ERR1734,ERR1734,Study5,
1735,ERR1735,ERR1735,Study5,
1736,ERR1736,ERR1736,Study5,
1737,ERR1737,ERR1737,Study5,
1738,ERR1738,ERR1738,Study5,
1739,ERR1739,ERR1739,Study5,
1740,ERR1740,ERR1740,Study5,
1741,ERR1741,ERR1741,Study5,
1742,ERR1742,ERR1742,Study5,
1743,ERR1743,ERR1743,Study5,
1744,ERR1744,ERR1744,Study5,
1745,ERR1745,ERR1745,Study5,
1746,ERR1746,ERR1746,Study5,
1747,ERR1747,ERR1747,Study5,
1748,ERR1748,ERR1748,Study5,
1749,ERR1749,ERR1749,Study5,
1750,ERR1750,ERR1750,Study5,
1751,ERR1751,ERR1751,Study5,
1752,ERR1752,ERR1752,Study5,
1753,ERR1753,ERR1753,Study5,
1754,ERR1754,ERR1754,Study5,
1755,ERR1755,ERR1755,Study5,
1756,ERR1756,ERR1756,Study5,
1757,ERR1757,ERR1757,Study5,
1758,ERR1758,ERR1758,Study5,
1759,ERR1759,ERR1759,Study5,
1760,ERR1760,ERR1760,Study5,
1761,ERR1761,ERR1761,Study5,
1762,ERR1762,ERR1762,Study5,
1763,ERR1763,ERR1763,Study5,
1764,ERR1764,ERR1764,Study5,
1765,ERR1765,ERR1765,Study5,
1766,ERR1766,ERR1766,Study5,
1767,ERR1767,ERR1767,Study5,
1768,ERR1768,ERR1768,Study5,
1769,ERR1769,ERR1769,Study5,
1770,ERR1770,ERR1770,Study5,
1771,ERR1771,ERR1771,Study5,
1772,ERR1772,ERR1772,Study5,
1773,ERR1773,ERR1773,Study5,
1774,ERR1774,ERR1774,Study5,
1775,ERR1775,ERR1775,Study5,
1776,ERR1776,ERR1776,Study5,
1777,ERR1777,ERR1777,Study5,
1778,ERR1778,ERR1778,Study5,
1779,ERR1779,ERR1779,Study5,
1780,ERR1780,ERR1780,Study5,
1781,ERR1781,ERR1781,Study5,
1782,ERR1782,ERR1782,Study5,
1783,ERR1783,ERR1783,Study5,
1784,ERR1784,ERR1784,Study5,
1785,ERR1785,ERR1785,Study5,
1786,ERR1786,ERR1786,Study5,
1787,ERR1787,ERR1787,Study5,
1788,ERR1788,ERR1788,Study5,
1789,ERR1789,ERR1789,Study5,
1790,ERR1790,ERR1790,Study5,
1791,ERR1791,ERR1791,Study5,
1792,ERR1792,ERR1792,Study5,
1793,ERR1793,ERR1793,Study5,
1794,ERR1794,ERR1794,Study5,
1795,ERR1795,ERR1795,Study5,
1796,ERR1796,ERR1796,Study5,
1797,ERR1797,ERR1797,Study5,
1798,ERR1798,ERR1798,Study5,
1799,ERR1799,ERR1799,Study5,
1800,ERR1800,ERR1800,Study5,
1801,ERR1801,ERR1801,Study5,
1802,ERR1802,ERR1802,Study5,
1803,ERR1803,ERR1803,Study5,
1804,ERR1804,ERR1804,Study5,
1805,ERR1805,ERR1805,Study5,
1806,ERR1806,ERR1806,Study5,
1807,ERR1807,ERR1807,Study5,
1808,ERR1808,ERR1808,Study5,
1809,ERR1809,ERR1809,Study5,
1810,ERR1810,ERR1810,Study5,
1811,ERR1811,ERR1811,Study5,
1812,ERR1812,ERR1812,Study5,
1813,ERR1813,ERR1813,Study5,
1814,ERR1814,ERR1814,Study5,
1815,ERR1815,ERR1815,Study5,
1816,ERR1816,ERR1816,Study5,
1817,ERR1817,ERR1817,Study5,
1818,ERR1818,ERR1818,Study5,
1819,ERR1819,ERR1819,Study5,
1820,ERR1820,ERR1820,Study5,
1821,ERR1821,ERR1821,Study5,
1822,ERR1822,ERR1822,Study5,
1823,ERR1823,ERR1823,Study5,
1824,ERR1824,ERR1824,Study5,
1825,ERR1825,ERR1825,Study5,
1826,ERR1826,ERR1826,Study5,
1827,ERR1827,ERR1827,Study5,
1828,ERR1828,ERR1828,Study5,
1829,ERR1829,ERR1829,Study5,
1830,ERR1830,ERR1830,Study5,
1831,ERR1831,ERR1831,Study5,
1832,ERR1832,ERR1832,Study5,
1833,ERR1833,ERR1833,Study5,
1834,ERR1834,ERR1834,Study5,
1835,ERR1835,ERR1835,Study5,
